doc_id,bigram,n
Baer 2003 Innovation is not enough- climates for initiative and psychological,psychological safety,85
Baer 2003 Innovation is not enough- climates for initiative and psychological,process innovations,44
Baer 2003 Innovation is not enough- climates for initiative and psychological,process innovativeness,29
Baer 2003 Innovation is not enough- climates for initiative and psychological,copyright john,25
Baer 2003 Innovation is not enough- climates for initiative and psychological,organizational climate,25
Chiumento 2024 A phenomenological study of the role HRD plays in building PS for individuals,psychological safety,173
Chiumento 2024 A phenomenological study of the role HRD plays in building PS for individuals,cognitive deficits,84
Chiumento 2024 A phenomenological study of the role HRD plays in building PS for individuals,psychologically safe,81
Chiumento 2024 A phenomenological study of the role HRD plays in building PS for individuals,hr professionals,72
Chiumento 2024 A phenomenological study of the role HRD plays in building PS for individuals,invisible disabilities,70
Choi 2004 Individual and Contextual Predictors of Creative Performance The Mediating Role of Psychological Processes,creative performance,58
Choi 2004 Individual and Contextual Predictors of Creative Performance The Mediating Role of Psychological Processes,psychological processes,29
Choi 2004 Individual and Contextual Predictors of Creative Performance The Mediating Role of Psychological Processes,contextual factors,18
Choi 2004 Individual and Contextual Predictors of Creative Performance The Mediating Role of Psychological Processes,creativity intention,17
Choi 2004 Individual and Contextual Predictors of Creative Performance The Mediating Role of Psychological Processes,extrinsic motivation,16
"Cuellar 2018 Learning culture, psychological safety",independent practices,20
"Cuellar 2018 Learning culture, psychological safety",psychological safety,19
"Cuellar 2018 Learning culture, psychological safety",primary care,18
"Cuellar 2018 Learning culture, psychological safety",hospital owned,16
"Cuellar 2018 Learning culture, psychological safety",ci ci,12
"Cuellar 2018 Learning culture, psychological safety",difference difference,12
"Cuellar 2018 Learning culture, psychological safety",level level,12
"Cuellar 2018 Learning culture, psychological safety",reference reference,12
Edmondson & Bransby 2023 Psychological safety comes of age- Observed themes in an established literature,psychological safety,297
Edmondson & Bransby 2023 Psychological safety comes of age- Observed themes in an established literature,organ behav,36
Edmondson & Bransby 2023 Psychological safety comes of age- Observed themes in an established literature,organ psychol,33
Edmondson & Bransby 2023 Psychological safety comes of age- Observed themes in an established literature,annu rev,28
Edmondson & Bransby 2023 Psychological safety comes of age- Observed themes in an established literature,psychol organ,28
Edmondson & Bransby 2023 Psychological safety comes of age- Observed themes in an established literature,rev organ,28
"Edmondson & Lei 2014 Psychological safety- The history, renaissance, and future of an interpersonal construct",psychological safety,281
"Edmondson & Lei 2014 Psychological safety- The history, renaissance, and future of an interpersonal construct",organ behav,30
"Edmondson & Lei 2014 Psychological safety- The history, renaissance, and future of an interpersonal construct",team learning,29
"Edmondson & Lei 2014 Psychological safety- The history, renaissance, and future of an interpersonal construct",team performance,26
"Edmondson & Lei 2014 Psychological safety- The history, renaissance, and future of an interpersonal construct",annu rev,24
"Edmondson & Lei 2014 Psychological safety- The history, renaissance, and future of an interpersonal construct",organ psychol,24
"Edmondson & Lei 2014 Psychological safety- The history, renaissance, and future of an interpersonal construct",psychol organ,24
"Edmondson & Lei 2014 Psychological safety- The history, renaissance, and future of an interpersonal construct",rev organ,24
Edmondson 1999 Psychological safety and learning behavior in work teams,psychological safety,108
Edmondson 1999 Psychological safety and learning behavior in work teams,learning behavior,86
Edmondson 1999 Psychological safety and learning behavior in work teams,team learning,78
Edmondson 1999 Psychological safety and learning behavior in work teams,team psychological,72
Edmondson 1999 Psychological safety and learning behavior in work teams,team efficacy,48
Edmondson_2002,psychological safety,89
Edmondson_2002,learning process,31
Edmondson_2002,team learning,26
Edmondson_2002,team leaders,19
Edmondson_2002,collective learning,15
Edmondson_2003,psychological safety,166
Edmondson_2003,team psychological,32
Edmondson_2003,boundary spanning,12
Edmondson_2003,learning behavior,11
Edmondson_2003,cardiac surgery,10
Edmondson_2003,organizational learning,10
Frazier 2017 Psychological Safety_ A Meta_Analytic Review and Extension,psychological safety,331
Frazier 2017 Psychological Safety_ A Meta_Analytic Review and Extension,effect sizes,36
Frazier 2017 Psychological Safety_ A Meta_Analytic Review and Extension,applied psychology,35
Frazier 2017 Psychological Safety_ A Meta_Analytic Review and Extension,nomological network,30
Frazier 2017 Psychological Safety_ A Meta_Analytic Review and Extension,lance frazier,29
Frazier 2017 Psychological Safety_ A Meta_Analytic Review and Extension,personnel psychology,29
Gerpottetal_2019_Agediversityandlearningoutcomesinorganizationaltraininggroups,age diversity,81
Gerpottetal_2019_Agediversityandlearningoutcomesinorganizationaltraininggroups,knowledge sharing,69
Gerpottetal_2019_Agediversityandlearningoutcomesinorganizationaltraininggroups,psychological safety,58
Gerpottetal_2019_Agediversityandlearningoutcomesinorganizationaltraininggroups,learning outcomes,54
Gerpottetal_2019_Agediversityandlearningoutcomesinorganizationaltraininggroups,human resource,35
Han 2019 Developing Team Creativity_ The Influence of Psychological Safety,shared leadership,110
Han 2019 Developing Team Creativity_ The Influence of Psychological Safety,team creativity,75
Han 2019 Developing Team Creativity_ The Influence of Psychological Safety,psychological safety,70
Han 2019 Developing Team Creativity_ The Influence of Psychological Safety,performance improvement,37
Han 2019 Developing Team Creativity_ The Influence of Psychological Safety,oriented shared,21
Higgins 2011 Organizational learning in schools- the role of psychological safety,organizational learning,139
Higgins 2011 Organizational learning in schools- the role of psychological safety,psychological safety,62
Higgins 2011 Organizational learning in schools- the role of psychological safety,reinforces learning,54
Higgins 2011 Organizational learning in schools- the role of psychological safety,safety experimentation,30
Higgins 2011 Organizational learning in schools- the role of psychological safety,educ change,28
Hunt 2021 Enhancing psychological safety,psychological safety,110
Hunt 2021 Enhancing psychological safety,mental health,32
Hunt 2021 Enhancing psychological safety,psychologically safe,30
Hunt 2021 Enhancing psychological safety,health syst,18
Hunt 2021 Enhancing psychological safety,ment health,18
Huyghebaert 2018 psychological-safety-climate-as-a-human-resource-development-target-effects-on-workers,psychological health,23
Huyghebaert 2018 psychological-safety-climate-as-a-human-resource-development-target-effects-on-workers,psychosocial safety,11
Huyghebaert 2018 psychological-safety-climate-as-a-human-resource-development-target-effects-on-workers,safety climate,11
Huyghebaert 2018 psychological-safety-climate-as-a-human-resource-development-target-effects-on-workers,wfc aco,10
Huyghebaert 2018 psychological-safety-climate-as-a-human-resource-development-target-effects-on-workers,burnout wfc,9
Nembhard 2006 Making it safe  the effects of leader inclusiveness and professional status on psychological safety,psychological safety,129
Nembhard 2006 Making it safe  the effects of leader inclusiveness and professional status on psychological safety,health care,77
Nembhard 2006 Making it safe  the effects of leader inclusiveness and professional status on psychological safety,quality improvement,74
Nembhard 2006 Making it safe  the effects of leader inclusiveness and professional status on psychological safety,leader inclusiveness,64
Nembhard 2006 Making it safe  the effects of leader inclusiveness and professional status on psychological safety,copyright john,27
Newman 2017 Psychological safety A systematic review of the literature,psychological safety,326
Newman 2017 Psychological safety A systematic review of the literature,team level,29
Newman 2017 Psychological safety A systematic review of the literature,organizational level,21
Newman 2017 Psychological safety A systematic review of the literature,human resource,20
Newman 2017 Psychological safety A systematic review of the literature,resource management,19
Newman_2017,psychological safety,326
Newman_2017,team level,29
Newman_2017,organizational level,21
Newman_2017,human resource,20
Newman_2017,resource management,19
Wanless_2016,psychological safety,72
Wanless_2016,human development,25
Wanless_2016,psychologically safe,17
Wanless_2016,feel psychologically,9
Wanless_2016,individuals feel,6
Zehr 2017 Safe to be engaged or engaged to be safe,employee engagement,611
Zehr 2017 Safe to be engaged or engaged to be safe,psychological safety,377
Zehr 2017 Safe to be engaged or engaged to be safe,psychological meaningfulness,72
Zehr 2017 Safe to be engaged or engaged to be safe,nswc crane,57
Zehr 2017 Safe to be engaged or engaged to be safe,psychological availability,57
